Subject_Code,Subject_Name,Group,Levels,Page,Notes
IB-EE,Extended essay,Core,,dp-core/extended-essay/,"Core element: a 4,000-word independent research essay"
IB-TOK,Theory of knowledge,Core,,dp-core/theory-of-knowledge/,Core element: the exhibition and the prescribed-title essay
100058,Art history,Individuals and societies,SL,other-dp-subjects-offered-by-the-ib/,"School-based syllabus, offered by authorized schools only"
100068,Astronomy,Individuals and societies,SL,other-dp-subjects-offered-by-the-ib/,"School-based syllabus, offered by authorized schools only"
101711,Brazilian social studies,Individuals and societies,SL,other-dp-subjects-offered-by-the-ib/,"School-based syllabus, offered by authorized schools only"
147712,Business management,Individuals and societies,"SL,HL",individuals-and-societies/business-and-management/,
179711,Digital society,Individuals and societies,"SL,HL",individuals-and-societies/digital-society/,
100164,Economics,Individuals and societies,"SL,HL",individuals-and-societies/economics/,
100222,Geography,Individuals and societies,"SL,HL",individuals-and-societies/geography/,
123711,Global politics,Individuals and societies,"SL,HL",individuals-and-societies/global-politics/,
100680,History,Individuals and societies,"SL,HL",individuals-and-societies/history/,"HL adds one regional route: Africa and the Middle East, the Americas, Asia and Oceania, or Europe"
100449,Philosophy,Individuals and societies,"SL,HL",individuals-and-societies/philosophy/,
100474,Psychology,Individuals and societies,"SL,HL",individuals-and-societies/psychology/,
100532,Social and cultural anthropology,Individuals and societies,"SL,HL",individuals-and-societies/social-and-cultural-anthropology/,
107711,Turkey in the 20th century,Individuals and societies,SL,other-dp-subjects-offered-by-the-ib/,"School-based syllabus, offered by authorized schools only"
100619,World religions,Individuals and societies,SL,individuals-and-societies/world-religions/,
100673,Environmental systems and societies,Interdisciplinary,"SL,HL",sciences/environmental-systems-and-societies/,
184711,Language and culture,Interdisciplinary,SL,other-dp-subjects-offered-by-the-ib/,"Pilot subject, offered by authorized schools only"
150711,Nature of science,Interdisciplinary,SL,other-dp-subjects-offered-by-the-ib/,"Pilot subject, offered by authorized schools only"
100053,Arabic B,Language acquisition,"SL,HL",language-acquisition/language-b/,
100052,Arabic ab initio,Language acquisition,SL,language-acquisition/language-ab-initio/,
117712,Chinese B (Cantonese),Language acquisition,"SL,HL",language-acquisition/language-b/,
117711,Chinese B (Mandarin),Language acquisition,"SL,HL",language-acquisition/language-b/,
100129,Classical Greek,Language acquisition,"SL,HL",language-acquisition/classical-languages/,
100144,Danish B,Language acquisition,"SL,HL",language-acquisition/language-b/,
162711,Danish ab initio,Language acquisition,SL,language-acquisition/language-ab-initio/,
100157,Dutch B,Language acquisition,"SL,HL",language-acquisition/language-b/,
167711,Dutch ab initio,Language acquisition,SL,language-acquisition/language-ab-initio/,
100179,English B,Language acquisition,"SL,HL",language-acquisition/language-b/,
100704,English ab initio,Language acquisition,SL,language-acquisition/language-ab-initio/,
100204,Finnish B,Language acquisition,"SL,HL",language-acquisition/language-b/,
100214,French B,Language acquisition,"SL,HL",language-acquisition/language-b/,
100213,French ab initio,Language acquisition,SL,language-acquisition/language-ab-initio/,
100231,German B,Language acquisition,"SL,HL",language-acquisition/language-b/,
100230,German ab initio,Language acquisition,SL,language-acquisition/language-ab-initio/,
100246,Hebrew B,Language acquisition,SL,language-acquisition/language-b/,
100252,Hindi B,Language acquisition,"SL,HL",language-acquisition/language-b/,
100284,Indonesian B,Language acquisition,"SL,HL",language-acquisition/language-b/,
100283,Indonesian ab initio,Language acquisition,SL,language-acquisition/language-ab-initio/,
100299,Italian B,Language acquisition,"SL,HL",language-acquisition/language-b/,
100298,Italian ab initio,Language acquisition,SL,language-acquisition/language-ab-initio/,
100308,Japanese B,Language acquisition,"SL,HL",language-acquisition/language-b/,
100307,Japanese ab initio,Language acquisition,SL,language-acquisition/language-ab-initio/,
178712,Kiswahili B,Language acquisition,"SL,HL",language-acquisition/language-b/,
178714,Kiswahili ab initio,Language acquisition,SL,language-acquisition/language-ab-initio/,
100334,Korean B,Language acquisition,"SL,HL",language-acquisition/language-b/,
100340,Latin,Language acquisition,"SL,HL",language-acquisition/classical-languages/,
100367,Malay B,Language acquisition,SL,language-acquisition/language-b/,
100375,Mandarin ab initio,Language acquisition,SL,language-acquisition/language-ab-initio/,
100424,Norwegian B,Language acquisition,"SL,HL",language-acquisition/language-b/,
100472,Portuguese B,Language acquisition,"SL,HL",language-acquisition/language-b/,
100493,Russian B,Language acquisition,"SL,HL",language-acquisition/language-b/,
100492,Russian ab initio,Language acquisition,SL,language-acquisition/language-ab-initio/,
100543,Spanish B,Language acquisition,"SL,HL",language-acquisition/language-b/,
100542,Spanish ab initio,Language acquisition,SL,language-acquisition/language-ab-initio/,
100559,Swedish B,Language acquisition,"SL,HL",language-acquisition/language-b/,
162712,Swedish ab initio,Language acquisition,SL,language-acquisition/language-ab-initio/,
100563,Tamil B,Language acquisition,SL,language-acquisition/language-b/,
166711,Mathematics: analysis and approaches,Mathematics,"SL,HL",mathematics/,
166712,Mathematics: applications and interpretation,Mathematics,"SL,HL",mathematics/,
100088,Biology,Sciences,"SL,HL",sciences/biology/,
100113,Chemistry,Sciences,"SL,HL",sciences/chemistry/,
100132,Computer science,Sciences,"SL,HL",sciences/computer-science/,
100146,Design technology,Sciences,"SL,HL",sciences/design-technology/,
158711,Food science and technology,Sciences,SL,other-dp-subjects-offered-by-the-ib/,"School-based syllabus, offered by authorized schools only"
100671,Marine science,Sciences,SL,other-dp-subjects-offered-by-the-ib/,"School-based syllabus, offered by authorized schools only"
100452,Physics,Sciences,"SL,HL",sciences/physics/,
100546,"Sports, exercise and health science",Sciences,"SL,HL",sciences/sports-exercise-and-health-science/,
112826,Afrikaans A: literature,Studies in language and literature,"SL,HL",language-and-literature/language-a-literature/,
112815,Albanian A: literature,Studies in language and literature,"SL,HL",language-and-literature/language-a-literature/,
112766,Amharic A: literature,Studies in language and literature,"SL,HL",language-and-literature/language-a-literature/,
112739,Arabic A: language and literature,Studies in language and literature,"SL,HL",language-and-literature/language-a-language-and-literature/,
112721,Arabic A: literature,Studies in language and literature,"SL,HL",language-and-literature/language-a-literature/,
112813,Armenian A: literature,Studies in language and literature,"SL,HL",language-and-literature/language-a-literature/,
112903,Azerbaijani A: literature,Studies in language and literature,"SL,HL",language-and-literature/language-a-literature/,
112875,Belarusian A: literature,Studies in language and literature,SL,language-and-literature/language-a-literature/,
112897,Bemba A: literature,Studies in language and literature,SL,language-and-literature/language-a-literature/,
112831,Bengali A: literature,Studies in language and literature,"SL,HL",language-and-literature/language-a-literature/,
112758,Bosnian A: literature,Studies in language and literature,"SL,HL",language-and-literature/language-a-literature/,
112775,Bulgarian A: literature,Studies in language and literature,"SL,HL",language-and-literature/language-a-literature/,
112814,Burmese A: literature,Studies in language and literature,"SL,HL",language-and-literature/language-a-literature/,
112764,Catalan A: literature,Studies in language and literature,"SL,HL",language-and-literature/language-a-literature/,
112910,Chichewa A: literature,Studies in language and literature,SL,language-and-literature/language-a-literature/,
112740,Chinese A: language and literature,Studies in language and literature,"SL,HL",language-and-literature/language-a-language-and-literature/,
112724,Chinese A: literature,Studies in language and literature,"SL,HL",language-and-literature/language-a-literature/,
112761,Croatian A: literature,Studies in language and literature,"SL,HL",language-and-literature/language-a-literature/,
112725,Czech A: literature,Studies in language and literature,"SL,HL",language-and-literature/language-a-literature/,
112755,Danish A: literature,Studies in language and literature,"SL,HL",language-and-literature/language-a-literature/,
112738,Dutch A: language and literature,Studies in language and literature,"SL,HL",language-and-literature/language-a-language-and-literature/,
112720,Dutch A: literature,Studies in language and literature,"SL,HL",language-and-literature/language-a-literature/,
112879,Dzongkha A: literature,Studies in language and literature,SL,language-and-literature/language-a-literature/,
112733,English A: language and literature,Studies in language and literature,"SL,HL",language-and-literature/language-a-language-and-literature/,
112711,English A: literature,Studies in language and literature,"SL,HL",language-and-literature/language-a-literature/,
112859,Estonian A: literature,Studies in language and literature,"SL,HL",language-and-literature/language-a-literature/,
116711,Filipino A: literature,Studies in language and literature,"SL,HL",language-and-literature/language-a-literature/,
112726,Finnish A: literature,Studies in language and literature,"SL,HL",language-and-literature/language-a-literature/,
112734,French A: language and literature,Studies in language and literature,"SL,HL",language-and-literature/language-a-language-and-literature/,
112750,French A: literature,Studies in language and literature,"SL,HL",language-and-literature/language-a-literature/,
112877,Georgian A: literature,Studies in language and literature,"SL,HL",language-and-literature/language-a-literature/,
112735,German A: language and literature,Studies in language and literature,"SL,HL",language-and-literature/language-a-language-and-literature/,
112751,German A: literature,Studies in language and literature,"SL,HL",language-and-literature/language-a-literature/,
175712,Guarani A: literature,Studies in language and literature,SL,language-and-literature/language-a-literature/,
112722,Hebrew A: literature,Studies in language and literature,"SL,HL",language-and-literature/language-a-literature/,
112747,Hindi A: literature,Studies in language and literature,"SL,HL",language-and-literature/language-a-literature/,
112748,Hungarian A: literature,Studies in language and literature,"SL,HL",language-and-literature/language-a-literature/,
112883,Icelandic A: literature,Studies in language and literature,"SL,HL",language-and-literature/language-a-literature/,
125711,Indonesian A: language and literature,Studies in language and literature,"SL,HL",language-and-literature/language-a-language-and-literature/,
112749,Indonesian A: literature,Studies in language and literature,"SL,HL",language-and-literature/language-a-literature/,
112838,Italian A: language and literature,Studies in language and literature,"SL,HL",language-and-literature/language-a-language-and-literature/,
112753,Italian A: literature,Studies in language and literature,"SL,HL",language-and-literature/language-a-literature/,
128711,Japanese A: language and literature,Studies in language and literature,"SL,HL",language-and-literature/language-a-language-and-literature/,
112743,Japanese A: literature,Studies in language and literature,"SL,HL",language-and-literature/language-a-literature/,
112804,Kazakh A: literature,Studies in language and literature,SL,language-and-literature/language-a-literature/,
112896,Khmer A: literature,Studies in language and literature,"SL,HL",language-and-literature/language-a-literature/,
115711,Kinyarwanda A: literature,Studies in language and literature,SL,language-and-literature/language-a-literature/,
178713,Kiswahili A: literature,Studies in language and literature,"SL,HL",language-and-literature/language-a-literature/,
115715,Korean A: language and literature,Studies in language and literature,"SL,HL",language-and-literature/language-a-language-and-literature/,
112744,Korean A: literature,Studies in language and literature,"SL,HL",language-and-literature/language-a-literature/,
112881,Lao A: literature,Studies in language and literature,"SL,HL",language-and-literature/language-a-literature/,
112723,Latvian A: literature,Studies in language and literature,"SL,HL",language-and-literature/language-a-literature/,
112845,Literature and Performance,Studies in language and literature,SL,language-and-literature/literature-and-performance/,
112765,Lithuanian A: literature,Studies in language and literature,"SL,HL",language-and-literature/language-a-literature/,
112841,Luganda A: literature,Studies in language and literature,SL,language-and-literature/language-a-literature/,
112712,Macedonian A: literature,Studies in language and literature,"SL,HL",language-and-literature/language-a-literature/,
155711,Malagasy A: literature,Studies in language and literature,SL,language-and-literature/language-a-literature/,
112745,Malay A: literature,Studies in language and literature,"SL,HL",language-and-literature/language-a-literature/,
112867,Malayalam A: literature,Studies in language and literature,SL,language-and-literature/language-a-literature/,
112732,Modern Greek A: language and literature,Studies in language and literature,"SL,HL",language-and-literature/language-a-language-and-literature/,
112727,Modern Greek A: literature,Studies in language and literature,"SL,HL",language-and-literature/language-a-literature/,
112882,Mongolian A: literature,Studies in language and literature,"SL,HL",language-and-literature/language-a-literature/,
112819,Ndebele A: literature,Studies in language and literature,SL,language-and-literature/language-a-literature/,
112763,Nepali A: literature,Studies in language and literature,"SL,HL",language-and-literature/language-a-literature/,
112840,Norwegian A: language and literature,Studies in language and literature,"SL,HL",language-and-literature/language-a-language-and-literature/,
112756,Norwegian A: literature,Studies in language and literature,"SL,HL",language-and-literature/language-a-literature/,
112746,Persian A: literature,Studies in language and literature,"SL,HL",language-and-literature/language-a-literature/,
112717,Polish A: literature,Studies in language and literature,"SL,HL",language-and-literature/language-a-literature/,
112730,Portuguese A: language and literature,Studies in language and literature,"SL,HL",language-and-literature/language-a-language-and-literature/,
112718,Portuguese A: literature,Studies in language and literature,"SL,HL",language-and-literature/language-a-literature/,
112801,Punjabi A: literature,Studies in language and literature,SL,language-and-literature/language-a-literature/,
112886,Romanian A: literature,Studies in language and literature,"SL,HL",language-and-literature/language-a-literature/,
112839,Russian A: language and literature,Studies in language and literature,"SL,HL",language-and-literature/language-a-language-and-literature/,
112754,Russian A: literature,Studies in language and literature,"SL,HL",language-and-literature/language-a-literature/,
112759,Serbian A: literature,Studies in language and literature,"SL,HL",language-and-literature/language-a-literature/,
112762,Sesotho A: literature,Studies in language and literature,"SL,HL",language-and-literature/language-a-literature/,
112832,Shona A: literature,Studies in language and literature,SL,language-and-literature/language-a-literature/,
177711,Sinhala A: literature,Studies in language and literature,SL,language-and-literature/language-a-literature/,
112880,Siswati A: literature,Studies in language and literature,"SL,HL",language-and-literature/language-a-literature/,
112760,Slovak A: literature,Studies in language and literature,"SL,HL",language-and-literature/language-a-literature/,
112741,Slovene A: literature,Studies in language and literature,"SL,HL",language-and-literature/language-a-literature/,
112800,Somali A: literature,Studies in language and literature,SL,language-and-literature/language-a-literature/,
112736,Spanish A: language and literature,Studies in language and literature,"SL,HL",language-and-literature/language-a-language-and-literature/,
112752,Spanish A: literature,Studies in language and literature,"SL,HL",language-and-literature/language-a-literature/,
112737,Swedish A: language and literature,Studies in language and literature,"SL,HL",language-and-literature/language-a-language-and-literature/,
112757,Swedish A: literature,Studies in language and literature,"SL,HL",language-and-literature/language-a-literature/,
112878,Tajik A: literature,Studies in language and literature,SL,language-and-literature/language-a-literature/,
112810,Tamil A: literature,Studies in language and literature,SL,language-and-literature/language-a-literature/,
112901,Telugu A: literature,Studies in language and literature,SL,language-and-literature/language-a-literature/,
112731,Thai A: language and literature,Studies in language and literature,"SL,HL",language-and-literature/language-a-language-and-literature/,
112713,Thai A: literature,Studies in language and literature,"SL,HL",language-and-literature/language-a-literature/,
112835,Tibetan A: literature,Studies in language and literature,SL,language-and-literature/language-a-literature/,
112714,Turkish A: literature,Studies in language and literature,"SL,HL",language-and-literature/language-a-literature/,
112802,Ukrainian A: literature,Studies in language and literature,"SL,HL",language-and-literature/language-a-literature/,
112885,Urdu A: literature,Studies in language and literature,"SL,HL",language-and-literature/language-a-literature/,
180711,Uyghur A: literature,Studies in language and literature,SL,language-and-literature/language-a-literature/,
174711,Vietnamese A: language and literature,Studies in language and literature,"SL,HL",language-and-literature/language-a-language-and-literature/,
112884,Vietnamese A: literature,Studies in language and literature,"SL,HL",language-and-literature/language-a-literature/,
112715,Welsh A: literature,Studies in language and literature,SL,language-and-literature/language-a-literature/,
100140,Dance,The arts,"SL,HL",the-arts/dance/,
100200,Film,The arts,"SL,HL",the-arts/film/,
182711,Literary arts,The arts,SL,other-dp-subjects-offered-by-the-ib/,"School-based syllabus, offered by authorized schools only"
100402,Music,The arts,"SL,HL",the-arts/music/,
100575,Theatre,The arts,"SL,HL",the-arts/theatre/,
100608,Visual arts,The arts,"SL,HL",the-arts/visual-arts/,
