Exam_Board,Qualification,Syllabus_Code,Subject_Name,Component,Component_Number,Component_Title,Marks,Route,Award,Weighting_Percent,Rule
CAIE,Cambridge IGCSE,0452,Accounting,Paper 1,1,Multiple Choice,40,,qualification,30,
CAIE,Cambridge IGCSE,0452,Accounting,Paper 2,2,Structured Written Paper,100,,qualification,70,
CAIE,Cambridge IGCSE,0985,Accounting (9-1),Paper 1,1,Multiple Choice,40,,qualification,30,
CAIE,Cambridge IGCSE,0985,Accounting (9-1),Paper 2,2,Structured Written Paper,100,,qualification,70,
CAIE,Cambridge IGCSE,0548,Afrikaans - Second Language,Paper 1,1,Reading and Writing,60,,qualification,70,
CAIE,Cambridge IGCSE,0548,Afrikaans - Second Language,Paper 2,2,Approximately 50 minutes,40,,qualification,30,
CAIE,Cambridge IGCSE,0600,Agriculture,Paper 1,1,Theory,100,,qualification,70,
CAIE,Cambridge IGCSE,0600,Agriculture,Component 2,2,Practical Coursework,90,,qualification,30,
CAIE,Cambridge IGCSE,7180,Arabic (9-1),Paper 1,1,Writing,50,,qualification,50,
CAIE,Cambridge IGCSE,7180,Arabic (9-1),Paper 2,2,Reading,50,,qualification,50,
CAIE,Cambridge IGCSE,0508,Arabic - First Language,Paper 1,1,Reading and Directed Writing,50,,qualification,50,
CAIE,Cambridge IGCSE,0508,Arabic - First Language,Paper 2,2,Writing,50,,qualification,50,
CAIE,Cambridge IGCSE,7184,Arabic - First Language (9-1),Paper 1,1,Reading,50,,qualification,50,
CAIE,Cambridge IGCSE,7184,Arabic - First Language (9-1),Paper 2,2,Writing,50,,qualification,50,
CAIE,Cambridge IGCSE,0544,Arabic - Foreign Language,Paper 1,1,Approximately 50 minutes,40,,qualification,25,
CAIE,Cambridge IGCSE,0544,Arabic - Foreign Language,Paper 2,2,Reading,40,,qualification,25,
CAIE,Cambridge IGCSE,0544,Arabic - Foreign Language,Paper 3,3,Approximately 10 minutes,40,,qualification,25,
CAIE,Cambridge IGCSE,0544,Arabic - Foreign Language,Paper 4,4,Writing,40,,qualification,25,
CAIE,Cambridge IGCSE,0538,Bahasa Indonesia,Paper 1,1,Reading and Understanding,50,,qualification,35,
CAIE,Cambridge IGCSE,0538,Bahasa Indonesia,Paper 2,2,Reading and Writing,60,,qualification,45,
CAIE,Cambridge IGCSE,0538,Bahasa Indonesia,Component 3,3,Approximately 9–11 minutes,40,,qualification,20,
CAIE,Cambridge IGCSE,0610,Biology,Paper 1,1,Multiple Choice (Core),40,Core,qualification,30,
CAIE,Cambridge IGCSE,0610,Biology,Paper 3,3,Theory (Core),80,Core,qualification,50,
CAIE,Cambridge IGCSE,0610,Biology,Paper 2,2,Multiple Choice (Extended),40,Extended,qualification,30,
CAIE,Cambridge IGCSE,0610,Biology,Paper 4,4,Theory (Extended),80,Extended,qualification,50,All candidates take one practical paper from a choice of two:
CAIE,Cambridge IGCSE,0610,Biology,Paper 5,5,Practical Test,40,Practical,qualification,20,
CAIE,Cambridge IGCSE,0610,Biology,Paper 6,6,Alternative to Practical,40,Practical,qualification,20,
CAIE,Cambridge IGCSE,0970,Biology (9-1),Paper 1,1,Multiple Choice (Core),40,Core,qualification,30,
CAIE,Cambridge IGCSE,0970,Biology (9-1),Paper 3,3,Theory (Core),80,Core,qualification,50,
CAIE,Cambridge IGCSE,0970,Biology (9-1),Paper 2,2,Multiple Choice (Extended),40,Extended,qualification,30,
CAIE,Cambridge IGCSE,0970,Biology (9-1),Paper 4,4,Theory (Extended),80,Extended,qualification,50,All candidates take one practical paper from a choice of two:
CAIE,Cambridge IGCSE,0970,Biology (9-1),Paper 5,5,Practical Test,40,Practical,qualification,20,
CAIE,Cambridge IGCSE,0970,Biology (9-1),Paper 6,6,Alternative to Practical,40,Practical,qualification,20,
CAIE,Cambridge IGCSE,0264,Business,Paper 1,1,Short Answer and Data Response,80,,qualification,50,
CAIE,Cambridge IGCSE,0264,Business,Paper 2,2,Case Study,80,,qualification,50,
CAIE,Cambridge IGCSE,0774,Business (9-1),Paper 1,1,Short Answer and Data Response,80,,qualification,50,
CAIE,Cambridge IGCSE,0774,Business (9-1),Paper 2,2,Case Study,80,,qualification,50,
CAIE,Cambridge IGCSE,0450,Business Studies,Paper 1,1,Short Answer and Data Response,80,,qualification,50,
CAIE,Cambridge IGCSE,0450,Business Studies,Paper 2,2,Case Study,80,,qualification,50,
CAIE,Cambridge IGCSE,0986,Business Studies (9-1),Paper 1,1,Short Answer and Data Response,80,,qualification,50,
CAIE,Cambridge IGCSE,0986,Business Studies (9-1),Paper 2,2,Case Study,80,,qualification,50,
CAIE,Cambridge IGCSE,0620,Chemistry,Paper 1,1,Multiple Choice (Core),40,Core,qualification,30,
CAIE,Cambridge IGCSE,0620,Chemistry,Paper 3,3,Theory (Core),80,Core,qualification,50,
CAIE,Cambridge IGCSE,0620,Chemistry,Paper 2,2,Multiple Choice (Extended),40,Extended,qualification,30,
CAIE,Cambridge IGCSE,0620,Chemistry,Paper 4,4,Theory (Extended),80,Extended,qualification,50,All candidates take one practical paper from a choice of two:
CAIE,Cambridge IGCSE,0620,Chemistry,Paper 5,5,Practical Test,40,Practical,qualification,20,
CAIE,Cambridge IGCSE,0620,Chemistry,Paper 6,6,Alternative to Practical,40,Practical,qualification,20,
CAIE,Cambridge IGCSE,0971,Chemistry (9-1),Paper 1,1,Multiple Choice (Core),40,Core,qualification,30,
CAIE,Cambridge IGCSE,0971,Chemistry (9-1),Paper 3,3,Theory (Core),80,Core,qualification,50,
CAIE,Cambridge IGCSE,0971,Chemistry (9-1),Paper 2,2,Multiple Choice (Extended),40,Extended,qualification,30,
CAIE,Cambridge IGCSE,0971,Chemistry (9-1),Paper 4,4,Theory (Extended),80,Extended,qualification,50,All candidates take one practical paper from a choice of two:
CAIE,Cambridge IGCSE,0971,Chemistry (9-1),Paper 5,5,Practical Test,40,Practical,qualification,20,
CAIE,Cambridge IGCSE,0971,Chemistry (9-1),Paper 6,6,Alternative to Practical,40,Practical,qualification,20,
CAIE,Cambridge IGCSE,0547,Chinese (Mandarin) - Foreign Language,Paper 1,1,Approximately 40 minutes,30,,qualification,25,
CAIE,Cambridge IGCSE,0547,Chinese (Mandarin) - Foreign Language,Paper 2,2,Reading,40,,qualification,25,
CAIE,Cambridge IGCSE,0547,Chinese (Mandarin) - Foreign Language,Paper 3,3,Approximately 10 minutes,40,,qualification,25,
CAIE,Cambridge IGCSE,0547,Chinese (Mandarin) - Foreign Language,Paper 4,4,Writing,40,,qualification,25,
CAIE,Cambridge IGCSE,0509,Chinese - First Language,Paper 1,1,"Reading, Directed Writing and",60,,qualification,50,
CAIE,Cambridge IGCSE,0509,Chinese - First Language,Paper 2,2,Writing,50,,qualification,50,
CAIE,Cambridge IGCSE,0523,Chinese - Second Language,Paper 1,1,Reading and Writing,60,,qualification,60,
CAIE,Cambridge IGCSE,0523,Chinese - Second Language,Paper 2,2,Approx. 35–45 minutes,30,,qualification,20,
CAIE,Cambridge IGCSE,0523,Chinese - Second Language,Component 3,3,Approx. 10–13 minutes,60,,qualification,20,
CAIE,Cambridge IGCSE,0715,Commerce,Paper 1,1,Multiple Choice,40,,qualification,30,
CAIE,Cambridge IGCSE,0715,Commerce,Paper 2,2,Written,80,,qualification,70,
CAIE,Cambridge IGCSE,0478,Computer Science,Paper 1,1,Computer Systems,75,,qualification,50,
CAIE,Cambridge IGCSE,0478,Computer Science,Paper 2,2,"Algorithms, Programming and Logic",75,,qualification,50,
CAIE,Cambridge IGCSE,0984,Computer Science (9-1),Paper 1,1,Computer Systems,75,,qualification,50,
CAIE,Cambridge IGCSE,0984,Computer Science (9-1),Paper 2,2,"Algorithms, Programming and Logic",75,,qualification,50,
CAIE,Cambridge IGCSE,0445,Design & Technology,Paper 1,1,Product Design,50,,qualification,25,
CAIE,Cambridge IGCSE,0445,Design & Technology,Paper 3,3,Materials,50,Written,qualification,25,
CAIE,Cambridge IGCSE,0445,Design & Technology,Component 2,2,Project,100,Written,qualification,50,
CAIE,Cambridge IGCSE,0445,Design & Technology,Paper 4,4,Graphic Products,50,Written,qualification,25,
CAIE,Cambridge IGCSE,0979,Design & Technology (9-1),Paper 1,1,Product Design,50,,qualification,25,
CAIE,Cambridge IGCSE,0979,Design & Technology (9-1),Paper 3,3,Materials,50,Written,qualification,25,
CAIE,Cambridge IGCSE,0979,Design & Technology (9-1),Component 2,2,Project,100,Written,qualification,50,
CAIE,Cambridge IGCSE,0979,Design & Technology (9-1),Paper 4,4,Graphic Products,50,Written,qualification,25,
CAIE,Cambridge IGCSE,0411,Drama,Paper 1,1,Written examination,80,,qualification,40,
CAIE,Cambridge IGCSE,0411,Drama,Component 2,2,Coursework,120,,qualification,60,
CAIE,Cambridge IGCSE,0994,Drama (9-1),Paper 1,1,Written examination,80,,qualification,40,
CAIE,Cambridge IGCSE,0994,Drama (9-1),Component 2,2,Coursework,120,,qualification,60,
CAIE,Cambridge IGCSE,0455,Economics,Paper 1,1,Multiple Choice,40,,qualification,30,
CAIE,Cambridge IGCSE,0455,Economics,Paper 2,2,Structured Questions,80,,qualification,70,
CAIE,Cambridge IGCSE,0987,Economics (9-1),Paper 1,1,Multiple Choice,40,,qualification,30,
CAIE,Cambridge IGCSE,0987,Economics (9-1),Paper 2,2,Structured Questions,80,,qualification,70,
CAIE,Cambridge IGCSE,0465,English (Core) as a Second Language (Egypt),Paper 1,1,Reading and Writing,60,,qualification,70,
CAIE,Cambridge IGCSE,0465,English (Core) as a Second Language (Egypt),Paper 2,2,Approximately 45 minutes,30,,qualification,30,
CAIE,Cambridge IGCSE,0472,English (as an Additional Language),Paper 1,1,Approximately 50 minutes,40,,qualification,25,
CAIE,Cambridge IGCSE,0472,English (as an Additional Language),Paper 2,2,Reading,45,,qualification,25,
CAIE,Cambridge IGCSE,0472,English (as an Additional Language),Paper 3,3,Approximately 10 minutes,40,,qualification,25,
CAIE,Cambridge IGCSE,0472,English (as an Additional Language),Paper 4,4,Writing,45,,qualification,25,
CAIE,Cambridge IGCSE,0772,English (as an Additional Language) (9-1),Paper 1,1,Approximately 50 minutes,40,,qualification,25,
CAIE,Cambridge IGCSE,0772,English (as an Additional Language) (9-1),Paper 2,2,Reading,45,,qualification,25,
CAIE,Cambridge IGCSE,0772,English (as an Additional Language) (9-1),Paper 3,3,Approximately 10 minutes,40,,qualification,25,
CAIE,Cambridge IGCSE,0772,English (as an Additional Language) (9-1),Paper 4,4,Writing,45,,qualification,25,
CAIE,Cambridge IGCSE,0500,English - First Language,Paper 1,1,Reading,80,,qualification,50,
CAIE,Cambridge IGCSE,0500,English - First Language,Paper 2,2,Directed Writing and Composition,80,,qualification,50,
CAIE,Cambridge IGCSE,0500,English - First Language,Component 3,3,Coursework Portfolio,80,,qualification,50,
CAIE,Cambridge IGCSE,0990,English - First Language (9-1),Paper 1,1,Reading,80,,qualification,50,
CAIE,Cambridge IGCSE,0990,English - First Language (9-1),Paper 2,2,Directed Writing and Composition,80,,qualification,50,
CAIE,Cambridge IGCSE,0990,English - First Language (9-1),Component 3,3,Coursework Portfolio,80,,qualification,50,
CAIE,Cambridge IGCSE,0524,English - First Language (US),Paper 1,1,Reading,80,,qualification,50,
CAIE,Cambridge IGCSE,0524,English - First Language (US),Component 3,3,Coursework Portfolio,80,,qualification,50,
CAIE,Cambridge IGCSE,0511,English as a Second Language (Count-in speaking),Component 1,1,Reading and Writing,60,,qualification,50,
CAIE,Cambridge IGCSE,0511,English as a Second Language (Count-in speaking),Component 2,2,Approximately 50 minutes,40,,qualification,25,
CAIE,Cambridge IGCSE,0511,English as a Second Language (Count-in speaking),Component 3,3,Approximately 10–15 minutes,40,,qualification,25,"Candidates take part in an interview, short talk"
CAIE,Cambridge IGCSE,0993,English as a Second Language (Speaking Endorsement) (9-1),Component 1,1,Reading and Writing,60,,qualification,70,
CAIE,Cambridge IGCSE,0993,English as a Second Language (Speaking Endorsement) (9-1),Component 2,2,Approximately 50 minutes,40,,qualification,30,
CAIE,Cambridge IGCSE,0510,English as a Second Language (Speaking endorsement),Component 1,1,Reading and Writing,60,,qualification,70,
CAIE,Cambridge IGCSE,0510,English as a Second Language (Speaking endorsement),Component 2,2,Approximately 50 minutes,40,,qualification,30,
CAIE,Cambridge IGCSE,0992,English – Literature in English (9-1) – 0992,Paper 1,1,Poetry and Prose (Open text),50,,qualification,50,
CAIE,Cambridge IGCSE,0992,English – Literature in English (9-1) – 0992,Paper 2,2,Drama and Unseen (Open text),50,,qualification,50,
CAIE,Cambridge IGCSE,0992,English – Literature in English (9-1) – 0992,Component 3,3,Coursework,50,,qualification,50,
CAIE,Cambridge IGCSE,0454,Enterprise,Paper 1,1,Written Paper,100,,qualification,50,
CAIE,Cambridge IGCSE,0454,Enterprise,Component 2,2,Coursework,60,Written,qualification,50,
CAIE,Cambridge IGCSE,0680,Environmental Management,Paper 1,1,Principles of Environmental Management,80,,qualification,50,
CAIE,Cambridge IGCSE,0680,Environmental Management,Paper 2,2,Environmental Management in Context,80,,qualification,50,
CAIE,Cambridge IGCSE,0648,Food & Nutrition,Paper 1,1,Theory,100,,qualification,50,
CAIE,Cambridge IGCSE,0648,Food & Nutrition,Paper 2,2,(plus a 1 hour 30 minutes Planning Session),100,,qualification,50,
CAIE,Cambridge IGCSE,7156,French (9-1),Paper 1,1,Approximately 50 minutes,40,,qualification,25,
CAIE,Cambridge IGCSE,7156,French (9-1),Paper 2,2,Reading,40,,qualification,25,
CAIE,Cambridge IGCSE,7156,French (9-1),Paper 3,3,Approximately 10 minutes,40,,qualification,25,
CAIE,Cambridge IGCSE,7156,French (9-1),Paper 4,4,Writing,40,,qualification,25,
CAIE,Cambridge IGCSE,0501,French - First Language,Paper 1,1,Reading and Directed Writing,50,,qualification,50,
CAIE,Cambridge IGCSE,0501,French - First Language,Paper 2,2,Writing,50,,qualification,50,
CAIE,Cambridge IGCSE,0520,French - Foreign Language,Paper 1,1,Approximately 50 minutes,40,,qualification,25,
CAIE,Cambridge IGCSE,0520,French - Foreign Language,Paper 2,2,Reading,40,,qualification,25,
CAIE,Cambridge IGCSE,0520,French - Foreign Language,Paper 3,3,Approximately 10 minutes,40,,qualification,25,
CAIE,Cambridge IGCSE,0520,French - Foreign Language,Paper 4,4,Writing,40,,qualification,25,
CAIE,Cambridge IGCSE,0460,Geography,Paper 1,1,Physical Geography,75,,qualification,36,
CAIE,Cambridge IGCSE,0460,Geography,Paper 2,2,Human Geography,75,,qualification,36,
CAIE,Cambridge IGCSE,0460,Geography,Component 3,3,Coursework,60,,qualification,28,
CAIE,Cambridge IGCSE,0460,Geography,Paper 4,4,Geographical Investigations,60,,qualification,28,
CAIE,Cambridge IGCSE,0976,Geography (9-1),Paper 1,1,Physical Geography,75,,qualification,36,
CAIE,Cambridge IGCSE,0976,Geography (9-1),Paper 2,2,Human Geography,75,,qualification,36,
CAIE,Cambridge IGCSE,0976,Geography (9-1),Component 3,3,Coursework,60,,qualification,28,
CAIE,Cambridge IGCSE,0976,Geography (9-1),Paper 4,4,Geographical Investigations,60,,qualification,28,
CAIE,Cambridge IGCSE,7159,German (9-1),Paper 1,1,Approximately 50 minutes,40,,qualification,25,
CAIE,Cambridge IGCSE,7159,German (9-1),Paper 2,2,Reading,40,,qualification,25,
CAIE,Cambridge IGCSE,7159,German (9-1),Paper 3,3,Approximately 10 minutes,40,,qualification,25,
CAIE,Cambridge IGCSE,7159,German (9-1),Paper 4,4,Writing,40,,qualification,25,
CAIE,Cambridge IGCSE,0505,German - First Language,Paper 1,1,Reading and Directed Writing,50,,qualification,50,
CAIE,Cambridge IGCSE,0505,German - First Language,Paper 2,2,Writing,50,,qualification,50,
CAIE,Cambridge IGCSE,0525,German - Foreign Language,Paper 1,1,Approximately 50 minutes,40,,qualification,25,
CAIE,Cambridge IGCSE,0525,German - Foreign Language,Paper 2,2,Reading,40,,qualification,25,
CAIE,Cambridge IGCSE,0525,German - Foreign Language,Paper 3,3,Approximately 10 minutes,40,,qualification,25,
CAIE,Cambridge IGCSE,0525,German - Foreign Language,Paper 4,4,Writing,40,,qualification,25,
CAIE,Cambridge IGCSE,0457,Global Perspectives,Paper 1,1,Written Exam,70,,qualification,35,"compulsory questions, based on a range of"
CAIE,Cambridge IGCSE,0457,Global Perspectives,Component 2,2,Individual Report,60,,qualification,30,
CAIE,Cambridge IGCSE,0457,Global Perspectives,Component 3,3,Team Project,70,,qualification,35,
CAIE,Cambridge IGCSE,0549,Hindi as a Second Language,Paper 1,1,Reading and Writing,60,,qualification,70,
CAIE,Cambridge IGCSE,0549,Hindi as a Second Language,Paper 2,2,Approximately 60 minutes,40,,qualification,30,
CAIE,Cambridge IGCSE,0470,History,Paper 1,1,Structured Questions,60,,qualification,40,
CAIE,Cambridge IGCSE,0470,History,Paper 2,2,Document Questions,40,,qualification,30,All candidates take either:
CAIE,Cambridge IGCSE,0470,History,Component 3,3,Coursework,40,,qualification,30,
CAIE,Cambridge IGCSE,0470,History,Paper 4,4,Alternative to Coursework,40,,qualification,30,
CAIE,Cambridge IGCSE,0977,History (9-1),Paper 1,1,Structured Questions,60,,qualification,40,
CAIE,Cambridge IGCSE,0977,History (9-1),Paper 2,2,Document Questions,40,,qualification,30,All candidates take either:
CAIE,Cambridge IGCSE,0977,History (9-1),Component 3,3,Coursework,40,,qualification,30,
CAIE,Cambridge IGCSE,0977,History (9-1),Paper 4,4,Alternative to Coursework,40,,qualification,30,
CAIE,Cambridge IGCSE,0409,History - American (US),Paper 1,1,Making of a Nation,60,,qualification,46,
CAIE,Cambridge IGCSE,0409,History - American (US),Paper 2,2,Depth Study,45,,qualification,35,
CAIE,Cambridge IGCSE,0409,History - American (US),Component 3,3,Personal Study,25,,qualification,19,
CAIE,Cambridge IGCSE,0417,Information and Communication Technology,Paper 1,1,Theory,80,,qualification,40,
CAIE,Cambridge IGCSE,0417,Information and Communication Technology,Paper 2,2,"Document Production, Databases",70,,qualification,30,
CAIE,Cambridge IGCSE,0417,Information and Communication Technology,Component 3,3,Spreadsheets and Website Authoring,70,,qualification,30,
CAIE,Cambridge IGCSE,0983,Information and Communication Technology (9-1),Paper 1,1,Theory,80,,qualification,40,
CAIE,Cambridge IGCSE,0983,Information and Communication Technology (9-1),Paper 2,2,"Document Production, Databases",70,,qualification,30,
CAIE,Cambridge IGCSE,0983,Information and Communication Technology (9-1),Component 3,3,Spreadsheets and Website Authoring,70,,qualification,30,
CAIE,Cambridge IGCSE,0531,IsiZulu as a Second Language,Paper 1,1,Reading and Writing,60,,qualification,70,
CAIE,Cambridge IGCSE,0531,IsiZulu as a Second Language,Paper 2,2,Approximately 50 minutes,40,,qualification,30,
CAIE,Cambridge IGCSE,0493,Islamiyat,Paper 1,1,Paper 1 contains five questions of which,50,,qualification,50,
CAIE,Cambridge IGCSE,0493,Islamiyat,Paper 2,2,Paper 2 contains five questions of which,50,,qualification,50,
CAIE,Cambridge IGCSE,7164,Italian (9-1),Paper 1,1,Approximately 50 minutes,40,,qualification,25,
CAIE,Cambridge IGCSE,7164,Italian (9-1),Paper 2,2,Reading,40,,qualification,25,
CAIE,Cambridge IGCSE,7164,Italian (9-1),Paper 3,3,Approximately 10 minutes,40,,qualification,25,
CAIE,Cambridge IGCSE,7164,Italian (9-1),Paper 4,4,Writing,40,,qualification,25,
CAIE,Cambridge IGCSE,0535,Italian - Foreign Language,Paper 1,1,Approximately 50 minutes,40,,qualification,25,
CAIE,Cambridge IGCSE,0535,Italian - Foreign Language,Paper 2,2,Reading,40,,qualification,25,
CAIE,Cambridge IGCSE,0535,Italian - Foreign Language,Paper 3,3,Approximately 10 minutes,40,,qualification,25,
CAIE,Cambridge IGCSE,0535,Italian - Foreign Language,Paper 4,4,Writing,40,,qualification,25,
CAIE,Cambridge IGCSE,0716,Japanese - Foreign Language,Paper 1,1,Approximately 50 minutes,40,,qualification,25,
CAIE,Cambridge IGCSE,0716,Japanese - Foreign Language,Paper 2,2,Reading,40,,qualification,25,
CAIE,Cambridge IGCSE,0716,Japanese - Foreign Language,Paper 3,3,Approximately 10 minutes,40,,qualification,25,
CAIE,Cambridge IGCSE,0716,Japanese - Foreign Language,Paper 4,4,Writing,45,,qualification,25,
CAIE,Cambridge IGCSE,0480,Latin,Paper 1,1,Language,160,,qualification,50,
CAIE,Cambridge IGCSE,0480,Latin,Paper 2,2,Literature,80,,qualification,50,
CAIE,Cambridge IGCSE,0696,Malay - First Language,Paper 1,1,Reading and Directed Writing,50,,qualification,50,
CAIE,Cambridge IGCSE,0696,Malay - First Language,Paper 2,2,Composition,50,,qualification,50,
CAIE,Cambridge IGCSE,0546,Malay - Foreign Language,Paper 1,1,Approximately 50 minutes,40,,qualification,25,
CAIE,Cambridge IGCSE,0546,Malay - Foreign Language,Paper 2,2,Reading,40,,qualification,25,
CAIE,Cambridge IGCSE,0546,Malay - Foreign Language,Paper 3,3,Approximately 10 minutes,40,,qualification,25,
CAIE,Cambridge IGCSE,0546,Malay - Foreign Language,Paper 4,4,Writing,40,,qualification,25,
CAIE,Cambridge IGCSE,0697,Marine Science,Paper 1,1,Theory and Data Handling,80,,qualification,50,
CAIE,Cambridge IGCSE,0697,Marine Science,Paper 2,2,Theory and Practical Skills,80,,qualification,50,
CAIE,Cambridge IGCSE,0580,Mathematics,Paper 1,1,Non-calculator (Core),80,Core,qualification,50,
CAIE,Cambridge IGCSE,0580,Mathematics,Paper 3,3,Calculator (Core),80,Core,qualification,50,
CAIE,Cambridge IGCSE,0580,Mathematics,Paper 2,2,Non-calculator (Extended),100,Extended,qualification,50,
CAIE,Cambridge IGCSE,0580,Mathematics,Paper 4,4,Calculator (Extended),100,Extended,qualification,50,
CAIE,Cambridge IGCSE,0980,Mathematics (9-1),Paper 1,1,Non-calculator (Core),80,Core,qualification,50,
CAIE,Cambridge IGCSE,0980,Mathematics (9-1),Paper 3,3,Calculator (Core),80,Core,qualification,50,
CAIE,Cambridge IGCSE,0980,Mathematics (9-1),Paper 2,2,Non-calculator (Extended),100,Extended,qualification,50,
CAIE,Cambridge IGCSE,0980,Mathematics (9-1),Paper 4,4,Calculator (Extended),100,Extended,qualification,50,
CAIE,Cambridge IGCSE,0607,Mathematics - International,Paper 1,1,Non-calculator (Core),60,Core,qualification,40,
CAIE,Cambridge IGCSE,0607,Mathematics - International,Paper 3,3,Calculator (Core),60,Core,qualification,40,
CAIE,Cambridge IGCSE,0607,Mathematics - International,Paper 5,5,Investigation (Core),40,Core,qualification,20,
CAIE,Cambridge IGCSE,0607,Mathematics - International,Paper 2,2,Non-calculator (Extended),75,Extended,qualification,40,
CAIE,Cambridge IGCSE,0607,Mathematics - International,Paper 4,4,Calculator (Extended),75,Extended,qualification,40,
CAIE,Cambridge IGCSE,0607,Mathematics - International,Paper 6,6,Investigation and Modelling,50,Extended,qualification,20,
CAIE,Cambridge IGCSE,0410,Music,Paper 1,1,c.1 hour 15 minutes,70,,qualification,40,
CAIE,Cambridge IGCSE,0410,Music,Component 2,2,Coursework,50,,qualification,30,
CAIE,Cambridge IGCSE,0410,Music,Component 3,3,Coursework,50,,qualification,30,
CAIE,Cambridge IGCSE,0978,Music (9-1),Paper 1,1,c.1 hour 15 minutes,70,,qualification,40,
CAIE,Cambridge IGCSE,0978,Music (9-1),Component 2,2,Coursework,50,,qualification,30,
CAIE,Cambridge IGCSE,0978,Music (9-1),Component 3,3,Coursework,50,,qualification,30,
CAIE,Cambridge IGCSE,0448,Pakistan Studies,Paper 1,1,The History and Culture of Pakistan,75,,qualification,50,
CAIE,Cambridge IGCSE,0448,Pakistan Studies,Paper 2,2,The Environment of Pakistan,75,,qualification,50,
CAIE,Cambridge IGCSE,0413,Physical Education,Paper 1,1,Theory,100,,qualification,50,
CAIE,Cambridge IGCSE,0413,Physical Education,Component 2,2,Coursework,100,,qualification,50,
CAIE,Cambridge IGCSE,0995,Physical Education (9-1),Paper 1,1,Theory,100,,qualification,50,
CAIE,Cambridge IGCSE,0995,Physical Education (9-1),Component 2,2,Coursework,100,,qualification,50,
CAIE,Cambridge IGCSE,0652,Physical Science,Paper 1,1,Multiple Choice (Core),40,,qualification,30,
CAIE,Cambridge IGCSE,0652,Physical Science,Paper 2,2,Multiple Choice (Extended),40,,qualification,30,
CAIE,Cambridge IGCSE,0652,Physical Science,Paper 3,3,Theory (Core),80,,qualification,50,
CAIE,Cambridge IGCSE,0652,Physical Science,Paper 4,4,Theory (Extended),80,,qualification,50,All candidates take
CAIE,Cambridge IGCSE,0652,Physical Science,Paper 5,5,Practical Test,40,,qualification,20,
CAIE,Cambridge IGCSE,0652,Physical Science,Paper 6,6,Alternative to Practical,40,,qualification,20,
CAIE,Cambridge IGCSE,0625,Physics,Paper 1,1,Multiple Choice (Core),40,Core,qualification,30,
CAIE,Cambridge IGCSE,0625,Physics,Paper 3,3,Theory (Core),80,Core,qualification,50,
CAIE,Cambridge IGCSE,0625,Physics,Paper 2,2,Multiple Choice (Extended),40,Extended,qualification,30,
CAIE,Cambridge IGCSE,0625,Physics,Paper 4,4,Theory (Extended),80,Extended,qualification,50,All candidates take one practical paper from a choice of two:
CAIE,Cambridge IGCSE,0625,Physics,Paper 5,5,Practical Test,40,Practical,qualification,20,
CAIE,Cambridge IGCSE,0625,Physics,Paper 6,6,Alternative to Practical,40,Practical,qualification,20,
CAIE,Cambridge IGCSE,0972,Physics (9-1),Paper 1,1,Multiple Choice (Core),40,Core,qualification,30,
CAIE,Cambridge IGCSE,0972,Physics (9-1),Paper 3,3,Theory (Core),80,Core,qualification,50,
CAIE,Cambridge IGCSE,0972,Physics (9-1),Paper 2,2,Multiple Choice (Extended),40,Extended,qualification,30,
CAIE,Cambridge IGCSE,0972,Physics (9-1),Paper 4,4,Theory (Extended),80,Extended,qualification,50,All candidates take one practical paper from a choice of two:
CAIE,Cambridge IGCSE,0972,Physics (9-1),Paper 5,5,Practical Test,40,Practical,qualification,20,
CAIE,Cambridge IGCSE,0972,Physics (9-1),Paper 6,6,Alternative to Practical,40,Practical,qualification,20,
CAIE,Cambridge IGCSE,0504,Portuguese - First Language,Paper 1,1,Reading and Directed Writing,50,,qualification,50,
CAIE,Cambridge IGCSE,0504,Portuguese - First Language,Paper 2,2,Writing,50,,qualification,50,
CAIE,Cambridge IGCSE,0490,Religious Studies,Paper 1,1,"Worship, Beliefs, Scriptures",80,,qualification,50,
CAIE,Cambridge IGCSE,0490,Religious Studies,Paper 2,2,"Festivals, Fasts, Family Life",80,,qualification,80,
CAIE,Cambridge IGCSE,0499,Sanskrit,Paper 1,1,Language,90,,qualification,50,
CAIE,Cambridge IGCSE,0499,Sanskrit,Paper 2,2,Literature and Epic Civilisation,90,,qualification,50,
CAIE,Cambridge IGCSE,0653,Science - Combined,Paper 1,1,Multiple Choice (Core),40,Core,qualification,30,
CAIE,Cambridge IGCSE,0653,Science - Combined,Paper 3,3,Theory (Core),80,Core,qualification,50,
CAIE,Cambridge IGCSE,0653,Science - Combined,Paper 2,2,Multiple Choice (Extended),40,Extended,qualification,30,
CAIE,Cambridge IGCSE,0653,Science - Combined,Paper 4,4,Theory (Extended),80,Extended,qualification,50,All candidates take one practical paper from a choice of two:
CAIE,Cambridge IGCSE,0653,Science - Combined,Paper 5,5,Practical Test,40,Practical,qualification,20,
CAIE,Cambridge IGCSE,0653,Science - Combined,Paper 6,6,Alternative to Practical,40,Practical,qualification,20,
CAIE,Cambridge IGCSE,0973,Sciences - Co-ordinated (9-1),Paper 1,1,Multiple Choice (Core),40,Core,qualification,30,
CAIE,Cambridge IGCSE,0973,Sciences - Co-ordinated (9-1),Paper 3,3,Theory (Core),120,Core,qualification,50,
CAIE,Cambridge IGCSE,0973,Sciences - Co-ordinated (9-1),Paper 2,2,Multiple Choice (Extended),40,Extended,qualification,30,
CAIE,Cambridge IGCSE,0973,Sciences - Co-ordinated (9-1),Paper 4,4,Theory (Extended),120,Extended,qualification,50,All candidates take one practical paper from a choice of two:
CAIE,Cambridge IGCSE,0973,Sciences - Co-ordinated (9-1),Paper 5,5,Practical Test,60,Practical,qualification,20,
CAIE,Cambridge IGCSE,0973,Sciences - Co-ordinated (9-1),Paper 6,6,Alternative to Practical,60,Practical,qualification,20,
CAIE,Cambridge IGCSE,0654,Sciences - Co-ordinated (Double),Paper 1,1,Multiple Choice (Core),40,Core,qualification,30,
CAIE,Cambridge IGCSE,0654,Sciences - Co-ordinated (Double),Paper 3,3,Theory (Core),120,Core,qualification,50,
CAIE,Cambridge IGCSE,0654,Sciences - Co-ordinated (Double),Paper 2,2,Multiple Choice (Extended),40,Extended,qualification,30,
CAIE,Cambridge IGCSE,0654,Sciences - Co-ordinated (Double),Paper 4,4,Theory (Extended),120,Extended,qualification,50,All candidates take one practical paper from a choice of two:
CAIE,Cambridge IGCSE,0654,Sciences - Co-ordinated (Double),Paper 5,5,Practical Test,60,Practical,qualification,20,
CAIE,Cambridge IGCSE,0654,Sciences - Co-ordinated (Double),Paper 6,6,Alternative to Practical,60,Practical,qualification,20,
CAIE,Cambridge IGCSE,0698,Setswana - First Language,Paper 1,1,Reading and Writing,50,,qualification,50,
CAIE,Cambridge IGCSE,0698,Setswana - First Language,Paper 2,2,Literature,50,,qualification,50,
CAIE,Cambridge IGCSE,0495,Sociology,Paper 1,1,"Research Methods, Identity and Inequality",80,,qualification,50,
CAIE,Cambridge IGCSE,0495,Sociology,Paper 2,2,"Family, Education and Crime",80,,qualification,50,
CAIE,Cambridge IGCSE,7160,Spanish (9-1),Paper 1,1,Approximately 50 minutes,40,,qualification,25,
CAIE,Cambridge IGCSE,7160,Spanish (9-1),Paper 2,2,Reading,40,,qualification,25,
CAIE,Cambridge IGCSE,7160,Spanish (9-1),Paper 3,3,Approximately 10 minutes,40,,qualification,25,
CAIE,Cambridge IGCSE,7160,Spanish (9-1),Paper 4,4,Writing,40,,qualification,25,
CAIE,Cambridge IGCSE,0502,Spanish - First Language,Paper 1,1,Reading,80,,qualification,50,
CAIE,Cambridge IGCSE,0502,Spanish - First Language,Paper 2,2,Directed Writing and Composition,80,,qualification,50,
CAIE,Cambridge IGCSE,0530,Spanish - Foreign Language,Paper 1,1,Approximately 50 minutes,40,,qualification,25,
CAIE,Cambridge IGCSE,0530,Spanish - Foreign Language,Paper 2,2,Reading,40,,qualification,25,
CAIE,Cambridge IGCSE,0530,Spanish - Foreign Language,Paper 3,3,Approximately 10 minutes,40,,qualification,25,
CAIE,Cambridge IGCSE,0530,Spanish - Foreign Language,Paper 4,4,Writing,40,,qualification,25,
CAIE,Cambridge IGCSE,0474,Spanish - Literature in Spanish,Paper 1,1,Prose and Drama,50,,qualification,50,
CAIE,Cambridge IGCSE,0474,Spanish - Literature in Spanish,Paper 2,2,Poetry and Unseen,50,,qualification,50,
CAIE,Cambridge IGCSE,0262,Swahili,Paper 1,1,Reading and Writing,60,,qualification,67,
CAIE,Cambridge IGCSE,0262,Swahili,Paper 2,2,Approx. 35–45 minutes,30,,qualification,33,
CAIE,Cambridge IGCSE,0518,Thai - First Language,Paper 1,1,Reading and Directed Writing,50,,qualification,50,
CAIE,Cambridge IGCSE,0518,Thai - First Language,Paper 2,2,Composition,50,,qualification,50,
CAIE,Cambridge IGCSE,0471,Travel & Tourism,Paper 1,1,Key Terms and Concepts,80,,qualification,50,
CAIE,Cambridge IGCSE,0471,Travel & Tourism,Paper 2,2,Managing and Marketing Destinations,80,,qualification,50,
CAIE,Cambridge IGCSE,0513,Turkish - First Language,Paper 1,1,Reading and Directed Writing,50,,qualification,50,
CAIE,Cambridge IGCSE,0513,Turkish - First Language,Paper 2,2,Writing,50,,qualification,50,
CAIE,Cambridge IGCSE,0539,Urdu as a Second Language,Paper 1,1,Reading and Writing,60,,qualification,67,
CAIE,Cambridge IGCSE,0539,Urdu as a Second Language,Paper 2,2,Approximately 35–45 minutes,30,,qualification,33,
CAIE,Cambridge IGCSE,0695,Vietnamese - First Language,Paper 1,1,Reading and Directed Writing,50,,qualification,50,
CAIE,Cambridge IGCSE,0695,Vietnamese - First Language,Paper 2,2,Writing,50,,qualification,50,
CAIE,Cambridge International AS & A Level,9706,Accounting,Paper 1,1,Multiple Choice,30,,A Level,14,
CAIE,Cambridge International AS & A Level,9706,Accounting,Paper 1,1,Multiple Choice,30,,AS,28,
CAIE,Cambridge International AS & A Level,9706,Accounting,Paper 3,3,Financial Accounting,75,,A Level,30,
CAIE,Cambridge International AS & A Level,9706,Accounting,Paper 2,2,Fundamentals of Accounting	 1 hour 45 minutes,90,,A Level,36,
CAIE,Cambridge International AS & A Level,9706,Accounting,Paper 2,2,Fundamentals of Accounting	 1 hour 45 minutes,90,,AS,72,
CAIE,Cambridge International AS & A Level,9706,Accounting,Paper 4,4,Cost and Management Accounting,50,,A Level,20,
CAIE,Cambridge International AS & A Level,9680,Arabic,Paper 5,5,Prose,,,qualification,35,
CAIE,Cambridge International AS & A Level,8680,Arabic - Language (AS Level only),Paper 5,5,Prose,,,qualification,35,
CAIE,Cambridge International AS & A Level,9484,Biblical Studies,Paper 1,1,The Four Gospels,50,,A Level,25,
CAIE,Cambridge International AS & A Level,9484,Biblical Studies,Paper 1,1,The Four Gospels,50,,AS,50,
CAIE,Cambridge International AS & A Level,9484,Biblical Studies,Paper 3,3,Prophets of the Old Testament,50,,A Level,25,
CAIE,Cambridge International AS & A Level,9484,Biblical Studies,Paper 2,2,The Development of Christianity,50,,A Level,25,
CAIE,Cambridge International AS & A Level,9484,Biblical Studies,Paper 2,2,The Development of Christianity,50,,AS,50,
CAIE,Cambridge International AS & A Level,9484,Biblical Studies,Paper 4,4,"Christian Understandings of God, Life and the",50,,A Level,25,
CAIE,Cambridge International AS & A Level,9700,Biology,Paper 1,1,Multiple Choice,40,,A Level,15.5,
CAIE,Cambridge International AS & A Level,9700,Biology,Paper 1,1,Multiple Choice,40,,AS,31,
CAIE,Cambridge International AS & A Level,9700,Biology,Paper 4,4,A Level Structured Questions,100,,A Level,38.5,
CAIE,Cambridge International AS & A Level,9700,Biology,Paper 2,2,AS Level Structured Questions,60,,A Level,23,
CAIE,Cambridge International AS & A Level,9700,Biology,Paper 2,2,AS Level Structured Questions,60,,AS,46,
CAIE,Cambridge International AS & A Level,9700,Biology,Paper 5,5,"Planning, Analysis and Evaluation",30,,A Level,11.5,
CAIE,Cambridge International AS & A Level,9700,Biology,Paper 3,3,Advanced Practical Skills,40,,A Level,11.5,
CAIE,Cambridge International AS & A Level,9700,Biology,Paper 3,3,Advanced Practical Skills,40,,AS,23,
CAIE,Cambridge International AS & A Level,9609,Business,Paper 1,1,Business Concepts 1,40,,A Level,20,
CAIE,Cambridge International AS & A Level,9609,Business,Paper 1,1,Business Concepts 1,40,,AS,40,
CAIE,Cambridge International AS & A Level,9609,Business,Paper 3,3,Business Decision-Making,60,,A Level,30,
CAIE,Cambridge International AS & A Level,9609,Business,Paper 2,2,Business Concepts 2,60,,A Level,30,
CAIE,Cambridge International AS & A Level,9609,Business,Paper 2,2,Business Concepts 2,60,,AS,60,
CAIE,Cambridge International AS & A Level,9609,Business,Paper 4,4,Business Strategy,40,,A Level,20,
CAIE,Cambridge International AS & A Level,9701,Chemistry,Paper 1,1,Multiple Choice Questions,40,,A Level,15.5,
CAIE,Cambridge International AS & A Level,9701,Chemistry,Paper 1,1,Multiple Choice Questions,40,,AS,31,
CAIE,Cambridge International AS & A Level,9701,Chemistry,Paper 4,4,A Level Structured Questions,100,,A Level,38.5,
CAIE,Cambridge International AS & A Level,9701,Chemistry,Paper 2,2,AS Level Structured Questions,60,,A Level,23,
CAIE,Cambridge International AS & A Level,9701,Chemistry,Paper 2,2,AS Level Structured Questions,60,,AS,46,
CAIE,Cambridge International AS & A Level,9701,Chemistry,Paper 5,5,"Planning, Analysis and Evaluation",30,,A Level,11.5,
CAIE,Cambridge International AS & A Level,9701,Chemistry,Paper 3,3,Advanced Practical Skills,40,,A Level,11.5,
CAIE,Cambridge International AS & A Level,9701,Chemistry,Paper 3,3,Advanced Practical Skills,40,,AS,23,
CAIE,Cambridge International AS & A Level,9274,Classical Studies,Paper 1,1,Greek Civilisation,50,,A Level,25,compulsory source-based question and one
CAIE,Cambridge International AS & A Level,9274,Classical Studies,Paper 1,1,Greek Civilisation,50,,AS,50,compulsory source-based question and one
CAIE,Cambridge International AS & A Level,9274,Classical Studies,Paper 3,3,Classical History,50,,A Level,25,
CAIE,Cambridge International AS & A Level,9274,Classical Studies,Paper 2,2,Roman Civilisation,50,,A Level,25,compulsory source-based question and one
CAIE,Cambridge International AS & A Level,9274,Classical Studies,Paper 2,2,Roman Civilisation,50,,AS,50,compulsory source-based question and one
CAIE,Cambridge International AS & A Level,9274,Classical Studies,Paper 4,4,Greek Literature,50,,A Level,25,
CAIE,Cambridge International AS & A Level,9618,Computer Science,Paper 1,1,Theory Fundamentals,75,,A Level,25,
CAIE,Cambridge International AS & A Level,9618,Computer Science,Paper 1,1,Theory Fundamentals,75,,AS,50,
CAIE,Cambridge International AS & A Level,9618,Computer Science,Paper 3,3,Advanced Theory,75,,A Level,25,
CAIE,Cambridge International AS & A Level,9618,Computer Science,Paper 2,2,Fundamental Problem-solving and,75,,A Level,25,
CAIE,Cambridge International AS & A Level,9618,Computer Science,Paper 2,2,Fundamental Problem-solving and,75,,AS,50,
CAIE,Cambridge International AS & A Level,9618,Computer Science,Paper 4,4,Practical,75,,A Level,25,
CAIE,Cambridge International AS & A Level,9705,Design & Technology,Paper 1,1,AS Level Written Paper,100,,A Level,25,
CAIE,Cambridge International AS & A Level,9705,Design & Technology,Paper 1,1,AS Level Written Paper,100,,AS,50,
CAIE,Cambridge International AS & A Level,9705,Design & Technology,Paper 3,3,A Level Written Paper,100,,A Level,25,
CAIE,Cambridge International AS & A Level,9705,Design & Technology,Component 2,2,Product Analysis and Improvement Project,50,,A Level,25,
CAIE,Cambridge International AS & A Level,9705,Design & Technology,Component 2,2,Product Analysis and Improvement Project,50,,AS,50,
CAIE,Cambridge International AS & A Level,9705,Design & Technology,Component 4,4,"Design, Realisation and Manufacturing Project",50,,A Level,25,
CAIE,Cambridge International AS & A Level,9481,Digital Media & Design,Component 1,1,Portfolio,100,,A Level,25,
CAIE,Cambridge International AS & A Level,9481,Digital Media & Design,Component 1,1,Portfolio,100,,AS,50,
CAIE,Cambridge International AS & A Level,9481,Digital Media & Design,Component 3,3,Personal Investigation,100,,A Level,50,
CAIE,Cambridge International AS & A Level,9481,Digital Media & Design,Component 2,2,Externally Set Assignment,100,,A Level,25,
CAIE,Cambridge International AS & A Level,9481,Digital Media & Design,Component 2,2,Externally Set Assignment,100,,AS,50,
CAIE,Cambridge International AS & A Level,9482,Drama,Component 1,1,Written exam,60,,A Level,25,
CAIE,Cambridge International AS & A Level,9482,Drama,Component 1,1,Written exam,60,,AS,50,
CAIE,Cambridge International AS & A Level,9482,Drama,Component 3,3,Theatre-making and performing,60,,A Level,25,
CAIE,Cambridge International AS & A Level,9482,Drama,Component 2,2,Practical drama,60,,A Level,25,
CAIE,Cambridge International AS & A Level,9482,Drama,Component 2,2,Practical drama,60,,AS,50,
CAIE,Cambridge International AS & A Level,9482,Drama,Component 4,4,Theatre in context,60,,A Level,25,
CAIE,Cambridge International AS & A Level,9708,Economics,Paper 1,1,AS Level Multiple Choice,30,,A Level,17,
CAIE,Cambridge International AS & A Level,9708,Economics,Paper 1,1,AS Level Multiple Choice,30,,AS,33,
CAIE,Cambridge International AS & A Level,9708,Economics,Paper 3,3,A Level Multiple Choice,30,,A Level,17,
CAIE,Cambridge International AS & A Level,9708,Economics,Paper 2,2,AS Level Data Response and Essays,60,,A Level,33,
CAIE,Cambridge International AS & A Level,9708,Economics,Paper 2,2,AS Level Data Response and Essays,60,,AS,67,
CAIE,Cambridge International AS & A Level,9708,Economics,Paper 4,4,A Level Data Response and Essays,60,,A Level,33,
CAIE,Cambridge International AS & A Level,8695,English - Language and Literature (AS Level only),Paper 1,1,Writing,50,,AS,50,
CAIE,Cambridge International AS & A Level,8695,English - Language and Literature (AS Level only),Paper 2,2,"Drama, Poetry and Prose",50,,AS,50,
CAIE,Cambridge International AS & A Level,9695,English - Literature,Paper 1,1,Drama and Poetry,50,,A Level,25,
CAIE,Cambridge International AS & A Level,9695,English - Literature,Paper 1,1,Drama and Poetry,50,,AS,50,
CAIE,Cambridge International AS & A Level,9695,English - Literature,Paper 3,3,Shakespeare and Drama,50,,A Level,25,
CAIE,Cambridge International AS & A Level,9695,English - Literature,Paper 2,2,Prose and Unseen,50,,A Level,25,
CAIE,Cambridge International AS & A Level,9695,English - Literature,Paper 2,2,Prose and Unseen,50,,AS,50,
CAIE,Cambridge International AS & A Level,9695,English - Literature,Paper 4,4,Pre- and Post-1900 Poetry and Prose,50,,A Level,25,
CAIE,Cambridge International AS & A Level,8021,English General Paper (AS Level only),Component 1,1,Essay,40,,AS,50,
CAIE,Cambridge International AS & A Level,8021,English General Paper (AS Level only),Component 2,2,Comprehension,50,,AS,50,
CAIE,Cambridge International AS & A Level,9093,English Language,Paper 1,1,Reading,50,,A Level,25,
CAIE,Cambridge International AS & A Level,9093,English Language,Paper 1,1,Reading,50,,AS,50,
CAIE,Cambridge International AS & A Level,9093,English Language,Paper 3,3,Language Analysis,50,,A Level,25,
CAIE,Cambridge International AS & A Level,9093,English Language,Paper 2,2,Writing,50,,A Level,25,
CAIE,Cambridge International AS & A Level,9093,English Language,Paper 2,2,Writing,50,,AS,50,
CAIE,Cambridge International AS & A Level,9093,English Language,Paper 4,4,Language Topics,50,,A Level,25,
CAIE,Cambridge International AS & A Level,8291,Environmental Management (AS only),Paper 1,1,Principles of Environmental,80,,AS,50,
CAIE,Cambridge International AS & A Level,8291,Environmental Management (AS only),Paper 2,2,Management in Context,80,,AS,50,
CAIE,Cambridge International AS & A Level,9696,Geography,Paper 1,1,Physical Geography,60,,A Level,25,
CAIE,Cambridge International AS & A Level,9696,Geography,Paper 1,1,Physical Geography,60,,AS,50,
CAIE,Cambridge International AS & A Level,9696,Geography,Paper 3,3,Global Environments,60,,A Level,25,
CAIE,Cambridge International AS & A Level,9696,Geography,Paper 2,2,Human Geography,60,,A Level,25,
CAIE,Cambridge International AS & A Level,9696,Geography,Paper 2,2,Human Geography,60,,AS,50,
CAIE,Cambridge International AS & A Level,9696,Geography,Paper 4,4,Global Themes,60,,A Level,25,
CAIE,Cambridge International AS & A Level,9239,Global Perspectives & Research,Component 1,1,Written Exam,45,,A Level,18,
CAIE,Cambridge International AS & A Level,9239,Global Perspectives & Research,Component 1,1,Written Exam,45,,AS,36,
CAIE,Cambridge International AS & A Level,9239,Global Perspectives & Research,Component 3,3,Team Project,40,,A Level,16,
CAIE,Cambridge International AS & A Level,9239,Global Perspectives & Research,Component 3,3,Team Project,40,,AS,32,
CAIE,Cambridge International AS & A Level,9239,Global Perspectives & Research,Component 2,2,Essay,40,,A Level,16,
CAIE,Cambridge International AS & A Level,9239,Global Perspectives & Research,Component 2,2,Essay,40,,AS,32,
CAIE,Cambridge International AS & A Level,9239,Global Perspectives & Research,Component 4,4,Cambridge Research Report,85,,A Level,50,
CAIE,Cambridge International AS & A Level,9487,Hinduism,Paper 1,1,Concepts in Hinduism,60,,A Level,25,
CAIE,Cambridge International AS & A Level,9487,Hinduism,Paper 1,1,Concepts in Hinduism,60,,AS,50,
CAIE,Cambridge International AS & A Level,9487,Hinduism,Paper 3,3,Hinduism: Philosophy and Religion,60,,A Level,25,
CAIE,Cambridge International AS & A Level,9487,Hinduism,Paper 2,2,Development of Hinduism,60,,A Level,25,
CAIE,Cambridge International AS & A Level,9487,Hinduism,Paper 2,2,Development of Hinduism,60,,AS,50,
CAIE,Cambridge International AS & A Level,9487,Hinduism,Paper 4,4,Hinduism in Contemporary Society,60,,A Level,25,
CAIE,Cambridge International AS & A Level,9626,Information Technology,Paper 1,1,Theory,70,,A Level,25,
CAIE,Cambridge International AS & A Level,9626,Information Technology,Paper 1,1,Theory,70,,AS,50,
CAIE,Cambridge International AS & A Level,9626,Information Technology,Paper 3,3,Advanced Theory,70,,A Level,25,
CAIE,Cambridge International AS & A Level,9626,Information Technology,Paper 2,2,Practical,90,,A Level,25,
CAIE,Cambridge International AS & A Level,9626,Information Technology,Paper 2,2,Practical,90,,AS,50,
CAIE,Cambridge International AS & A Level,9626,Information Technology,Paper 4,4,Advanced Practical,90,,A Level,25,
CAIE,Cambridge International AS & A Level,9488,Islamic Studies,Paper 1,1,Islamic beliefs and practices,50,,A Level,25,
CAIE,Cambridge International AS & A Level,9488,Islamic Studies,Paper 1,1,Islamic beliefs and practices,50,,AS,50,
CAIE,Cambridge International AS & A Level,9488,Islamic Studies,Paper 3,3,Heritage of Islam,50,,A Level,25,
CAIE,Cambridge International AS & A Level,9488,Islamic Studies,Paper 2,2,Islamic law (shariah) and its application,50,,A Level,25,
CAIE,Cambridge International AS & A Level,9488,Islamic Studies,Paper 2,2,Islamic law (shariah) and its application,50,,AS,50,
CAIE,Cambridge International AS & A Level,9488,Islamic Studies,Paper 4,4,Islam in the modern world,50,,A Level,25,
CAIE,Cambridge International AS & A Level,9084,Law,Paper 1,1,English Legal System,75,,A Level,25,
CAIE,Cambridge International AS & A Level,9084,Law,Paper 1,1,English Legal System,75,,AS,50,
CAIE,Cambridge International AS & A Level,9084,Law,Paper 3,3,Law of Contract,75,,A Level,25,
CAIE,Cambridge International AS & A Level,9084,Law,Paper 2,2,Criminal Law,60,,A Level,25,
CAIE,Cambridge International AS & A Level,9084,Law,Paper 2,2,Criminal Law,60,,AS,50,
CAIE,Cambridge International AS & A Level,9084,Law,Paper 4,4,Law of Tort,75,,A Level,25,
CAIE,Cambridge International AS & A Level,9693,Marine Science,Paper 1,1,AS Level Theory,75,,A Level,25,
CAIE,Cambridge International AS & A Level,9693,Marine Science,Paper 1,1,AS Level Theory,75,,AS,50,
CAIE,Cambridge International AS & A Level,9693,Marine Science,Paper 3,3,A Level Theory,75,,A Level,25,
CAIE,Cambridge International AS & A Level,9693,Marine Science,Paper 2,2,AS Level Data-handling,75,,A Level,25,
CAIE,Cambridge International AS & A Level,9693,Marine Science,Paper 2,2,AS Level Data-handling,75,,AS,50,
CAIE,Cambridge International AS & A Level,9693,Marine Science,Paper 4,4,A Level Data-handling,75,,A Level,25,
CAIE,Cambridge International AS & A Level,9709,Mathematics,Paper 1,1,Pure Mathematics 1,75,Pure Mathematics,A Level,30,Compulsory for AS Level and A Level
CAIE,Cambridge International AS & A Level,9709,Mathematics,Paper 1,1,Pure Mathematics 1,75,Pure Mathematics,AS,60,Compulsory for AS Level and A Level
CAIE,Cambridge International AS & A Level,9709,Mathematics,Paper 2,2,Pure Mathematics 2,50,Pure Mathematics,AS,40,Offered only as part of AS Level
CAIE,Cambridge International AS & A Level,9709,Mathematics,Paper 3,3,Pure Mathematics 3,75,Pure Mathematics,A Level,30,Compulsory for A Level
CAIE,Cambridge International AS & A Level,9709,Mathematics,Paper 4,4,Mechanics,50,Mechanics,A Level,20,Offered as part of AS Level and A Level
CAIE,Cambridge International AS & A Level,9709,Mathematics,Paper 4,4,Mechanics,50,Mechanics,AS,40,Offered as part of AS Level and A Level
CAIE,Cambridge International AS & A Level,9709,Mathematics,Paper 5,5,Probability & Statistics 1,50,Probability & Statistics,A Level,20,Compulsory for A Level
CAIE,Cambridge International AS & A Level,9709,Mathematics,Paper 5,5,Probability & Statistics 1,50,Probability & Statistics,AS,40,Compulsory for A Level
CAIE,Cambridge International AS & A Level,9709,Mathematics,Paper 6,6,Probability & Statistics 2,50,Probability & Statistics,A Level,20,Offered only as part of A Level
CAIE,Cambridge International AS & A Level,9231,Mathematics - Further,Paper 1,1,Further Pure Mathematics 1,75,,A Level,30,Compulsory for AS Level and A Level
CAIE,Cambridge International AS & A Level,9231,Mathematics - Further,Paper 1,1,Further Pure Mathematics 1,75,,AS,60,Compulsory for AS Level and A Level
CAIE,Cambridge International AS & A Level,9231,Mathematics - Further,Paper 3,3,Further Mechanics,50,,A Level,20,Offered as part of AS Level or A Level
CAIE,Cambridge International AS & A Level,9231,Mathematics - Further,Paper 3,3,Further Mechanics,50,,AS,40,Offered as part of AS Level or A Level
CAIE,Cambridge International AS & A Level,9231,Mathematics - Further,Paper 2,2,Further Pure Mathematics 2,75,,A Level,30,Compulsory for A Level
CAIE,Cambridge International AS & A Level,9231,Mathematics - Further,Paper 4,4,Further Probability &,50,,A Level,20,Offered as part of AS Level or A Level
CAIE,Cambridge International AS & A Level,9231,Mathematics - Further,Paper 4,4,Further Probability &,50,,AS,40,Offered as part of AS Level or A Level
CAIE,Cambridge International AS & A Level,9483,Music,Paper 1,1,Listening,100,,A Level,30,
CAIE,Cambridge International AS & A Level,9483,Music,Paper 1,1,Listening,100,,AS,60,
CAIE,Cambridge International AS & A Level,9483,Music,Component 3,3,Extended Performance,100,,A Level,25,
CAIE,Cambridge International AS & A Level,9483,Music,Component 2,2,Practical Music,100,,A Level,20,
CAIE,Cambridge International AS & A Level,9483,Music,Component 2,2,Practical Music,100,,AS,40,
CAIE,Cambridge International AS & A Level,9483,Music,Component 4,4,Extended Composition,100,,A Level,25,
CAIE,Cambridge International AS & A Level,9483,Music,Component 5,5,Investigating Music,100,,A Level,25,
CAIE,Cambridge International AS & A Level,9702,Physics,Paper 1,1,Multiple Choice,40,,A Level,15.5,
CAIE,Cambridge International AS & A Level,9702,Physics,Paper 1,1,Multiple Choice,40,,AS,31,
CAIE,Cambridge International AS & A Level,9702,Physics,Paper 4,4,A Level Structured Questions,100,,A Level,38.5,
CAIE,Cambridge International AS & A Level,9702,Physics,Paper 2,2,AS Level Structured Questions,60,,A Level,23,
CAIE,Cambridge International AS & A Level,9702,Physics,Paper 2,2,AS Level Structured Questions,60,,AS,46,
CAIE,Cambridge International AS & A Level,9702,Physics,Paper 5,5,"Planning, Analysis and Evaluation",30,,A Level,11.5,
CAIE,Cambridge International AS & A Level,9702,Physics,Paper 3,3,Advanced Practical Skills,40,,A Level,11.5,
CAIE,Cambridge International AS & A Level,9702,Physics,Paper 3,3,Advanced Practical Skills,40,,AS,23,
CAIE,Cambridge International AS & A Level,9990,Psychology,Paper 1,1,"Approaches, Issues and",60,,A Level,25,
CAIE,Cambridge International AS & A Level,9990,Psychology,Paper 1,1,"Approaches, Issues and",60,,AS,50,
CAIE,Cambridge International AS & A Level,9990,Psychology,Paper 3,3,"Specialist Options: Approaches,",60,,A Level,25,
CAIE,Cambridge International AS & A Level,9990,Psychology,Paper 2,2,Research Methods,60,,A Level,25,
CAIE,Cambridge International AS & A Level,9990,Psychology,Paper 2,2,Research Methods,60,,AS,50,
CAIE,Cambridge International AS & A Level,9990,Psychology,Paper 4,4,Specialist Options: Application,60,,A Level,25,
CAIE,Cambridge International AS & A Level,9699,Sociology,Paper 1,1,"Socialisation, Identity",60,,A Level,25,
CAIE,Cambridge International AS & A Level,9699,Sociology,Paper 1,1,"Socialisation, Identity",60,,AS,50,
CAIE,Cambridge International AS & A Level,9699,Sociology,Paper 3,3,Education,50,,A Level,21,
CAIE,Cambridge International AS & A Level,9699,Sociology,Paper 2,2,The Family,60,,A Level,25,
CAIE,Cambridge International AS & A Level,9699,Sociology,Paper 2,2,The Family,60,,AS,50,
CAIE,Cambridge International AS & A Level,9699,Sociology,Paper 4,4,"Globalisation, Media",70,,A Level,29,
CAIE,Cambridge International AS & A Level,9689,Tamil - 9689 (A Level only),Paper 2,2,Reading and Writing,75,,A Level,35,
CAIE,Cambridge International AS & A Level,9689,Tamil - 9689 (A Level only),Paper 4,4,Texts,75,,A Level,35,
CAIE,Cambridge International AS & A Level,9689,Tamil - 9689 (A Level only),Paper 3,3,Essay,40,,A Level,20,
CAIE,Cambridge International AS & A Level,9689,Tamil - 9689 (A Level only),Paper 5,5,Prose,40,,A Level,10,
CAIE,Cambridge International AS & A Level,9694,Thinking Skills,Paper 1,1,Problem Solving,50,,A Level,25,
CAIE,Cambridge International AS & A Level,9694,Thinking Skills,Paper 1,1,Problem Solving,50,,AS,50,
CAIE,Cambridge International AS & A Level,9694,Thinking Skills,Paper 3,3,Problem Analysis and Solution,50,,A Level,25,
CAIE,Cambridge International AS & A Level,9694,Thinking Skills,Paper 2,2,Critical Thinking,50,,A Level,25,
CAIE,Cambridge International AS & A Level,9694,Thinking Skills,Paper 2,2,Critical Thinking,50,,AS,50,
CAIE,Cambridge International AS & A Level,9694,Thinking Skills,Paper 4,4,Applied Reasoning,50,,A Level,25,
CAIE,Cambridge International AS & A Level,9395,Travel & Tourism,Paper 1,1,Themes and Concepts,75,,A Level,25,
CAIE,Cambridge International AS & A Level,9395,Travel & Tourism,Paper 1,1,Themes and Concepts,75,,AS,50,
CAIE,Cambridge International AS & A Level,9395,Travel & Tourism,Paper 3,3,Destination Marketing,50,,A Level,25,
CAIE,Cambridge International AS & A Level,9395,Travel & Tourism,Paper 2,2,Planning and Managing a Travel and Tourism,50,,A Level,25,
CAIE,Cambridge International AS & A Level,9395,Travel & Tourism,Paper 2,2,Planning and Managing a Travel and Tourism,50,,AS,50,
CAIE,Cambridge International AS & A Level,9395,Travel & Tourism,Paper 4,4,Destination Development and Management,50,,A Level,25,
CAIE,Cambridge International AS & A Level,8102,US History since 1877,Paper 1,1,Historical Sources,40,,AS,40,
CAIE,Cambridge International AS & A Level,8102,US History since 1877,Paper 2,2,Outline Study,60,,AS,60,
CAIE,Cambridge International AS & A Level,8101,US History to 1877,Paper 1,1,Historical Sources,40,,AS,40,
CAIE,Cambridge International AS & A Level,8101,US History to 1877,Paper 2,2,Outline Study,60,,AS,60,
